https://huggingface.co/datasets/conglu/vd4rl/resolve/main/vd4rl/main/cheetah_run/expert/84px/0_cheetah_run_expert.hdf5	72116798	708e3ddfe180f7782c5a0c81b45a3fae65bf3a054292222ae3c637f60128ff07	0_cheetah_run_expert.hdf5
https://huggingface.co/datasets/conglu/vd4rl/resolve/main/vd4rl/main/cheetah_run/expert/84px/1_cheetah_run_expert.hdf5	72156525	1072645b618ccacfd3af6cfec93f6644eb2291e0cd05c88896924abb5e4e6568	1_cheetah_run_expert.hdf5
https://huggingface.co/datasets/conglu/vd4rl/resolve/main/vd4rl/main/cheetah_run/expert/84px/2_cheetah_run_expert.hdf5	72138346	93b0127b61dfb577d88164ac937e27b2c8b2f243fac73e7d8be5473723b84391	2_cheetah_run_expert.hdf5
https://huggingface.co/datasets/conglu/vd4rl/resolve/main/vd4rl/main/cheetah_run/expert/84px/3_cheetah_run_expert.hdf5	72209416	c583542a03ce9e19ecc95981073a99f0dbb308618701ea1757ef65ffb2e2c28e	3_cheetah_run_expert.hdf5
https://huggingface.co/datasets/conglu/vd4rl/resolve/main/vd4rl/main/cheetah_run/medium/84px/0_cheetah_run_medium.hdf5	70236164	c4b0e0ec9b4cb5e565686d625c861e402ff9dfd81f2843385ffebe48e9e58bcc	0_cheetah_run_medium.hdf5
https://huggingface.co/datasets/conglu/vd4rl/resolve/main/vd4rl/main/cheetah_run/medium/84px/1_cheetah_run_medium.hdf5	70338852	56c4abd25ed287158b930f9560bb2faf740971edfa03085e71857d4267889e28	1_cheetah_run_medium.hdf5
https://huggingface.co/datasets/conglu/vd4rl/resolve/main/vd4rl/main/cheetah_run/medium/84px/2_cheetah_run_medium.hdf5	70222906	bfc42f314ed56818795442def0970242941f2b3e884d280d74c79d451f36f16f	2_cheetah_run_medium.hdf5
https://huggingface.co/datasets/conglu/vd4rl/resolve/main/vd4rl/main/cheetah_run/medium/84px/3_cheetah_run_medium.hdf5	70096082	21962d60baa59e5b10195b41c33bf69c005720380abda3bc5c0be48f6f3b29b0	3_cheetah_run_medium.hdf5
https://huggingface.co/datasets/conglu/vd4rl/resolve/main/vd4rl/main/cheetah_run/medium_expert/84px/0_cheetah_run_expert.hdf5	72116798	708e3ddfe180f7782c5a0c81b45a3fae65bf3a054292222ae3c637f60128ff07	0_cheetah_run_expert.hdf5
https://huggingface.co/datasets/conglu/vd4rl/resolve/main/vd4rl/main/cheetah_run/medium_expert/84px/0_cheetah_run_medium.hdf5	70236164	c4b0e0ec9b4cb5e565686d625c861e402ff9dfd81f2843385ffebe48e9e58bcc	0_cheetah_run_medium.hdf5
https://huggingface.co/datasets/conglu/vd4rl/resolve/main/vd4rl/main/cheetah_run/medium_expert/84px/1_cheetah_run_expert.hdf5	72156525	1072645b618ccacfd3af6cfec93f6644eb2291e0cd05c88896924abb5e4e6568	1_cheetah_run_expert.hdf5
https://huggingface.co/datasets/conglu/vd4rl/resolve/main/vd4rl/main/cheetah_run/medium_expert/84px/1_cheetah_run_medium.hdf5	70338852	56c4abd25ed287158b930f9560bb2faf740971edfa03085e71857d4267889e28	1_cheetah_run_medium.hdf5
https://huggingface.co/datasets/conglu/vd4rl/resolve/main/vd4rl/main/cheetah_run/medium_expert/84px/2_cheetah_run_expert.hdf5	72138346	93b0127b61dfb577d88164ac937e27b2c8b2f243fac73e7d8be5473723b84391	2_cheetah_run_expert.hdf5
https://huggingface.co/datasets/conglu/vd4rl/resolve/main/vd4rl/main/cheetah_run/medium_expert/84px/2_cheetah_run_medium.hdf5	70222906	bfc42f314ed56818795442def0970242941f2b3e884d280d74c79d451f36f16f	2_cheetah_run_medium.hdf5
https://huggingface.co/datasets/conglu/vd4rl/resolve/main/vd4rl/main/cheetah_run/medium_expert/84px/3_cheetah_run_expert.hdf5	72209416	c583542a03ce9e19ecc95981073a99f0dbb308618701ea1757ef65ffb2e2c28e	3_cheetah_run_expert.hdf5
https://huggingface.co/datasets/conglu/vd4rl/resolve/main/vd4rl/main/cheetah_run/medium_expert/84px/3_cheetah_run_medium.hdf5	70096082	21962d60baa59e5b10195b41c33bf69c005720380abda3bc5c0be48f6f3b29b0	3_cheetah_run_medium.hdf5
https://huggingface.co/datasets/conglu/vd4rl/resolve/main/vd4rl/main/cheetah_run/medium_replay/84px/shard_1_reward_473.hdf5	542959682	bcaf807174bc7f9467a480ff8b429570b6f31e2e2f1350bbadd306925db29aa2	shard_1_reward_473.hdf5
https://huggingface.co/datasets/conglu/vd4rl/resolve/main/vd4rl/main/cheetah_run/random/84px/0.hdf5	56418376	e86b9c8e3ffb9e0727e0c8462492e8b749bdf1b3f5e51f04bc84c7e79363f2d2	0.hdf5
https://huggingface.co/datasets/conglu/vd4rl/resolve/main/vd4rl/main/cheetah_run/random/84px/1.hdf5	56504106	40555304b7b97e01efa1b9b796bbaa4a9913dc79699eb7562acc7240e2fc2567	1.hdf5
https://huggingface.co/datasets/conglu/vd4rl/resolve/main/vd4rl/main/cheetah_run/random/84px/2.hdf5	56449973	202594af4a02905770557a6326bdbfcc2055843ec1e794033e3b4bed46c4e918	2.hdf5
https://huggingface.co/datasets/conglu/vd4rl/resolve/main/vd4rl/main/cheetah_run/random/84px/3.hdf5	56394873	4c1cff8347670e4e675c3b83c805c53dfdc8b8a557f6886a22ae850a37780fce	3.hdf5
https://huggingface.co/datasets/conglu/vd4rl/resolve/main/vd4rl/main/humanoid_walk/expert/84px/0_expert.hdf5	206599317	f02c47fa5db84852a4a4624e58ed5e780e4b140a6572219d2f888445332640e3	0_expert.hdf5
https://huggingface.co/datasets/conglu/vd4rl/resolve/main/vd4rl/main/humanoid_walk/expert/84px/1_expert.hdf5	206485182	0ff6f25108928777015cefae44aee1e25214d13324a1de6909d7e2dc062de864	1_expert.hdf5
https://huggingface.co/datasets/conglu/vd4rl/resolve/main/vd4rl/main/humanoid_walk/expert/84px/2_expert.hdf5	206235608	5c6765358e1ebec25b003735513b4debe045463c5f8ffbce811273b68cd79240	2_expert.hdf5
https://huggingface.co/datasets/conglu/vd4rl/resolve/main/vd4rl/main/humanoid_walk/expert/84px/3_expert.hdf5	205992121	f30601750595172ab54fe6cac2b2b6a29d2781f9dfc2aba1022d6b04d86911c5	3_expert.hdf5
https://huggingface.co/datasets/conglu/vd4rl/resolve/main/vd4rl/main/humanoid_walk/medium/84px/0_medium.hdf5	213297331	b1158435fcaf7b432abcbf6f32fe14a23a46edc63c58cbdd3774e75ce9edf084	0_medium.hdf5
https://huggingface.co/datasets/conglu/vd4rl/resolve/main/vd4rl/main/humanoid_walk/medium/84px/1_medium.hdf5	213410720	67d02a4d131c2a728a8b1940e8bb9f545cd2e39259594e360ad7754ca9d19117	1_medium.hdf5
https://huggingface.co/datasets/conglu/vd4rl/resolve/main/vd4rl/main/humanoid_walk/medium/84px/2_medium.hdf5	213302620	373633507d6754b870516e1dc9555265b4a3e7c6fa24086cd4e577e057e49292	2_medium.hdf5
https://huggingface.co/datasets/conglu/vd4rl/resolve/main/vd4rl/main/humanoid_walk/medium/84px/3_medium.hdf5	213378862	70b4777181857a30eec7f3b6447c4eb36218bc05b9f33cfa74e979c83ef25ffc	3_medium.hdf5
https://huggingface.co/datasets/conglu/vd4rl/resolve/main/vd4rl/main/humanoid_walk/medium_expert/84px/0_expert.hdf5	206599317	f02c47fa5db84852a4a4624e58ed5e780e4b140a6572219d2f888445332640e3	0_expert.hdf5
https://huggingface.co/datasets/conglu/vd4rl/resolve/main/vd4rl/main/humanoid_walk/medium_expert/84px/0_medium.hdf5	213297331	b1158435fcaf7b432abcbf6f32fe14a23a46edc63c58cbdd3774e75ce9edf084	0_medium.hdf5
https://huggingface.co/datasets/conglu/vd4rl/resolve/main/vd4rl/main/humanoid_walk/medium_expert/84px/1_expert.hdf5	206485182	0ff6f25108928777015cefae44aee1e25214d13324a1de6909d7e2dc062de864	1_expert.hdf5
https://huggingface.co/datasets/conglu/vd4rl/resolve/main/vd4rl/main/humanoid_walk/medium_expert/84px/1_medium.hdf5	213410720	67d02a4d131c2a728a8b1940e8bb9f545cd2e39259594e360ad7754ca9d19117	1_medium.hdf5
https://huggingface.co/datasets/conglu/vd4rl/resolve/main/vd4rl/main/humanoid_walk/medium_expert/84px/2_expert.hdf5	206235608	5c6765358e1ebec25b003735513b4debe045463c5f8ffbce811273b68cd79240	2_expert.hdf5
https://huggingface.co/datasets/conglu/vd4rl/resolve/main/vd4rl/main/humanoid_walk/medium_expert/84px/2_medium.hdf5	213302620	373633507d6754b870516e1dc9555265b4a3e7c6fa24086cd4e577e057e49292	2_medium.hdf5
https://huggingface.co/datasets/conglu/vd4rl/resolve/main/vd4rl/main/humanoid_walk/medium_expert/84px/3_expert.hdf5	205992121	f30601750595172ab54fe6cac2b2b6a29d2781f9dfc2aba1022d6b04d86911c5	3_expert.hdf5
https://huggingface.co/datasets/conglu/vd4rl/resolve/main/vd4rl/main/humanoid_walk/medium_expert/84px/3_medium.hdf5	213378862	70b4777181857a30eec7f3b6447c4eb36218bc05b9f33cfa74e979c83ef25ffc	3_medium.hdf5
https://huggingface.co/datasets/conglu/vd4rl/resolve/main/vd4rl/main/humanoid_walk/medium_replay/84px/0_mixed.hdf5	178670204	6ec657a4fdc962bf48ee03a7dbcf23ef7d7b59161ba2837ea86a9ff7bdbe8b1a	0_mixed.hdf5
https://huggingface.co/datasets/conglu/vd4rl/resolve/main/vd4rl/main/humanoid_walk/medium_replay/84px/10_mixed.hdf5	212890491	c8462b3e1e20a041fa1265fa0f4f46b02b195eb68871edf6acb1badf97b51f9b	10_mixed.hdf5
https://huggingface.co/datasets/conglu/vd4rl/resolve/main/vd4rl/main/humanoid_walk/medium_replay/84px/11_mixed.hdf5	212726091	74c8d326ae0d6f2a9f736cd42a00d66816906483d7c714a597d1c0b1fed706a4	11_mixed.hdf5
https://huggingface.co/datasets/conglu/vd4rl/resolve/main/vd4rl/main/humanoid_walk/medium_replay/84px/12_mixed.hdf5	213364097	c4ca2bd5a3ee7e902df624ba6eff975eb5ae199c49530c38307ec8055f45f73b	12_mixed.hdf5
https://huggingface.co/datasets/conglu/vd4rl/resolve/main/vd4rl/main/humanoid_walk/medium_replay/84px/13_mixed.hdf5	213481523	742d75d486427ba7a9260a745980625e789ffbe87c780a73bbfbe6bbb6458f2a	13_mixed.hdf5
https://huggingface.co/datasets/conglu/vd4rl/resolve/main/vd4rl/main/humanoid_walk/medium_replay/84px/14_mixed.hdf5	213305314	77a25d1887cf55d62cba29f9555bd0a724cdca758b36a836d27458f7f23db45d	14_mixed.hdf5
https://huggingface.co/datasets/conglu/vd4rl/resolve/main/vd4rl/main/humanoid_walk/medium_replay/84px/15_mixed.hdf5	213602443	0365ece421939603618e1f2c47239730ca55002d81eb41a1944168e539a44e9f	15_mixed.hdf5
https://huggingface.co/datasets/conglu/vd4rl/resolve/main/vd4rl/main/humanoid_walk/medium_replay/84px/16_mixed.hdf5	213534663	78c29ccd1927f5d69b99efdbdf1d92cdb494724dd142983b65b3bb560fe3d573	16_mixed.hdf5
https://huggingface.co/datasets/conglu/vd4rl/resolve/main/vd4rl/main/humanoid_walk/medium_replay/84px/17_mixed.hdf5	213272580	a7c38dbafdf8cb5ecde1ad9b25b5c156b8cfc0c10808541be41ca9dec20d5c6e	17_mixed.hdf5
https://huggingface.co/datasets/conglu/vd4rl/resolve/main/vd4rl/main/humanoid_walk/medium_replay/84px/18_mixed.hdf5	213543351	e069d7fee64f92d91819fabda06b789db2f325846f79b83926415dd739904ca9	18_mixed.hdf5
https://huggingface.co/datasets/conglu/vd4rl/resolve/main/vd4rl/main/humanoid_walk/medium_replay/84px/19_mixed.hdf5	212410210	b95ce9ecb3e9b3d25b199aa80cd92db457b34f4194d71c284068b108a2721892	19_mixed.hdf5
https://huggingface.co/datasets/conglu/vd4rl/resolve/main/vd4rl/main/humanoid_walk/medium_replay/84px/1_mixed.hdf5	180685045	a771aab2dd7d14ad6534ed19e915a29355e455b1a32d24bf679c69653cade2cf	1_mixed.hdf5
https://huggingface.co/datasets/conglu/vd4rl/resolve/main/vd4rl/main/humanoid_walk/medium_replay/84px/20_mixed.hdf5	212770017	846c2cc25f3011b697482137c7ffd1b410574e2ba930747befae0acbca635f02	20_mixed.hdf5
https://huggingface.co/datasets/conglu/vd4rl/resolve/main/vd4rl/main/humanoid_walk/medium_replay/84px/21_mixed.hdf5	212631888	9a5dbb7eab2763ae8139f4e24fe7412b22e94ec440807ac5ac0717e3f05a3664	21_mixed.hdf5
https://huggingface.co/datasets/conglu/vd4rl/resolve/main/vd4rl/main/humanoid_walk/medium_replay/84px/22_mixed.hdf5	212325813	4e5c45a07827424e4977c91d4b9901b970eb27f5c6fae3165d972b475dd65daa	22_mixed.hdf5
https://huggingface.co/datasets/conglu/vd4rl/resolve/main/vd4rl/main/humanoid_walk/medium_replay/84px/23_mixed.hdf5	212203888	7f3df8a49277e2492a188229f0e874dfb7faa55fec84722dc4baf800f3109e7d	23_mixed.hdf5
https://huggingface.co/datasets/conglu/vd4rl/resolve/main/vd4rl/main/humanoid_walk/medium_replay/84px/2_mixed.hdf5	178837134	3c8bec9391f68a6025397dfd4110fc684a5e4117c04afa1e0a072d073d9895f1	2_mixed.hdf5
https://huggingface.co/datasets/conglu/vd4rl/resolve/main/vd4rl/main/humanoid_walk/medium_replay/84px/3_mixed.hdf5	167227597	867146bb13506803be69504800044abc4ad9099ec97e4ed6b4cd86747eac5a8d	3_mixed.hdf5
https://huggingface.co/datasets/conglu/vd4rl/resolve/main/vd4rl/main/humanoid_walk/medium_replay/84px/4_mixed.hdf5	139546319	1ad0cc00e550c4be5afb8ad4b1ab39d0dc639f978d07f1beb6f24d4a1843ee79	4_mixed.hdf5
https://huggingface.co/datasets/conglu/vd4rl/resolve/main/vd4rl/main/humanoid_walk/medium_replay/84px/5_mixed.hdf5	179637470	86554192a23a7cf94a6c8affa5cdbca73e54823c83398b10a34f4460cd0d2ed5	5_mixed.hdf5
https://huggingface.co/datasets/conglu/vd4rl/resolve/main/vd4rl/main/humanoid_walk/medium_replay/84px/6_mixed.hdf5	206745684	7ee4a964efde579bbd2e79180cba0cca0e632dfdfc5ed24f04d27875a3e1a38c	6_mixed.hdf5
https://huggingface.co/datasets/conglu/vd4rl/resolve/main/vd4rl/main/humanoid_walk/medium_replay/84px/7_mixed.hdf5	210744363	91122281657e2a6b5ce60b488b23c4a78e94a4336b613a8f11c4b3fafe64ed34	7_mixed.hdf5
https://huggingface.co/datasets/conglu/vd4rl/resolve/main/vd4rl/main/humanoid_walk/medium_replay/84px/8_mixed.hdf5	211897646	f817eb17476548f8884f61431bbd7550872cd22d5067f95b5a6776169aa03e9a	8_mixed.hdf5
https://huggingface.co/datasets/conglu/vd4rl/resolve/main/vd4rl/main/humanoid_walk/medium_replay/84px/9_mixed.hdf5	212041780	0dd8c0d12ed305d3a9a81ef58eb442738f88b57c313ad20b2d94ec9c07d2af67	9_mixed.hdf5
https://huggingface.co/datasets/conglu/vd4rl/resolve/main/vd4rl/main/humanoid_walk/random/84px/0_random.hdf5	174973696	f8a78bbc3dc341196ac12a63a7995c353ff6ccb88b7cc1e6b3440113afc21545	0_random.hdf5
https://huggingface.co/datasets/conglu/vd4rl/resolve/main/vd4rl/main/humanoid_walk/random/84px/1_random.hdf5	175528401	c67f5060fa582717f41693c24598b28d9417b6632096b07f3c3b63156b893cd5	1_random.hdf5
https://huggingface.co/datasets/conglu/vd4rl/resolve/main/vd4rl/main/humanoid_walk/random/84px/2_random.hdf5	175557257	97b6db89273349a03e0c1ac6f5462f5785a2309d7587deda358d396307f19cf2	2_random.hdf5
https://huggingface.co/datasets/conglu/vd4rl/resolve/main/vd4rl/main/humanoid_walk/random/84px/3_random.hdf5	175651276	c4626e61c5a43bc40039e065faaf219f9faf9842509da65b0cbd1b4fd3c4efb6	3_random.hdf5
https://huggingface.co/datasets/conglu/vd4rl/resolve/main/vd4rl/main/walker_walk/medium/84px/0_walker_walk_medium.hdf5	133530046	ea1a657207e03c4124efb100c632288ea83d623a366e0996cf4bc041ab46974c	0_walker_walk_medium.hdf5
https://huggingface.co/datasets/conglu/vd4rl/resolve/main/vd4rl/main/walker_walk/medium/84px/1_walker_walk_medium.hdf5	135366384	2ae1621bb000fb490623baa87fbdd29ee0e112ca42365dc6bb48dbf10408f9b9	1_walker_walk_medium.hdf5
https://huggingface.co/datasets/conglu/vd4rl/resolve/main/vd4rl/main/walker_walk/medium/84px/2_walker_walk_medium.hdf5	134855529	e4f1bcbb8ab9d5b2253391e1f949bfc85f83e4fce5d025d1962904642424ba22	2_walker_walk_medium.hdf5
https://huggingface.co/datasets/conglu/vd4rl/resolve/main/vd4rl/main/walker_walk/medium/84px/3_walker_walk_medium.hdf5	134763628	7b44552a1fcb4560b9e93efcd5f555fa0c8109807ca325da457f7f9fb2ec7435	3_walker_walk_medium.hdf5
https://huggingface.co/datasets/conglu/vd4rl/resolve/main/vd4rl/main/walker_walk/medium_expert/84px/0_walker_walk_expert.hdf5	121255125	83a7e06a7bcdf8311186dafc7352734a6b38e591dcde1bc31a00febf7c537539	0_walker_walk_expert.hdf5
https://huggingface.co/datasets/conglu/vd4rl/resolve/main/vd4rl/main/walker_walk/medium_expert/84px/0_walker_walk_medium.hdf5	133530046	ea1a657207e03c4124efb100c632288ea83d623a366e0996cf4bc041ab46974c	0_walker_walk_medium.hdf5
https://huggingface.co/datasets/conglu/vd4rl/resolve/main/vd4rl/main/walker_walk/medium_expert/84px/1_walker_walk_expert.hdf5	121295325	ef733061fee470656aa0385b4c380050629a19230c60e4db2aee1dd9f4e9f19f	1_walker_walk_expert.hdf5
https://huggingface.co/datasets/conglu/vd4rl/resolve/main/vd4rl/main/walker_walk/medium_expert/84px/1_walker_walk_medium.hdf5	135366384	2ae1621bb000fb490623baa87fbdd29ee0e112ca42365dc6bb48dbf10408f9b9	1_walker_walk_medium.hdf5
https://huggingface.co/datasets/conglu/vd4rl/resolve/main/vd4rl/main/walker_walk/medium_expert/84px/2_walker_walk_expert.hdf5	121257229	ee242da74cdbf868076fac348354cd7850d1aae361d2d1c6fdc943d1df1e3e1c	2_walker_walk_expert.hdf5
https://huggingface.co/datasets/conglu/vd4rl/resolve/main/vd4rl/main/walker_walk/medium_expert/84px/2_walker_walk_medium.hdf5	134855529	e4f1bcbb8ab9d5b2253391e1f949bfc85f83e4fce5d025d1962904642424ba22	2_walker_walk_medium.hdf5
https://huggingface.co/datasets/conglu/vd4rl/resolve/main/vd4rl/main/walker_walk/medium_expert/84px/3_walker_walk_expert.hdf5	121288307	c98d518c8da00c7684d8bd109a9978eb7989d8439f038464cfc6f5355f62136e	3_walker_walk_expert.hdf5
https://huggingface.co/datasets/conglu/vd4rl/resolve/main/vd4rl/main/walker_walk/medium_expert/84px/3_walker_walk_medium.hdf5	134763628	7b44552a1fcb4560b9e93efcd5f555fa0c8109807ca325da457f7f9fb2ec7435	3_walker_walk_medium.hdf5
https://huggingface.co/datasets/conglu/vd4rl/resolve/main/vd4rl/main/walker_walk/medium_replay/84px/shard_1_reward_604.hdf5	465508156	f9f0da69894ef596c5380d6c01f495e3c7948827733d9c2e4972d75adee6724c	shard_1_reward_604.hdf5
https://huggingface.co/datasets/conglu/vd4rl/resolve/main/vd4rl/main/walker_walk/random/84px/0.hdf5	118022419	acaff814a1de97b88c136c0c56eb7b58632ce50a9c1adf49d0e4b76785205321	0.hdf5
https://huggingface.co/datasets/conglu/vd4rl/resolve/main/vd4rl/main/walker_walk/random/84px/1.hdf5	120080082	8244cfd2f3950adcc6df6e0c41dd25ddcf89d93e58d8742f21ab2ccd70fb0282	1.hdf5
https://huggingface.co/datasets/conglu/vd4rl/resolve/main/vd4rl/main/walker_walk/random/84px/2.hdf5	117582241	f25bc41a8b2409f067edb3002cab0b3f554286bfa82b5e207fac4084c5f309c9	2.hdf5
https://huggingface.co/datasets/conglu/vd4rl/resolve/main/vd4rl/main/walker_walk/random/84px/3.hdf5	120767170	4f5d7ce5a96adc00485f98747596a792bb67416137428a163b6fc23804dde4a9	3.hdf5
